{"eval_exact_match": 64.01790710688304, "eval_f1": 70.7702181173587}