{"eval_exact_match": 78.42005676442763, "eval_f1": 86.14486988964737}