{"eval_exact_match": 66.81589255735871, "eval_f1": 74.93910721520925}