{"eval_exact_match": 54.60674157303371, "eval_f1": 61.150487443828325}