{"eval_exact_match": 77.86187322611164, "eval_f1": 86.12484716809006}