{"eval_exact_match": 59.80337078651685, "eval_f1": 67.955667779176}